node,type,label,degree_centrality,betweenness_centrality,community
A,company,"Agilent Technologies, Inc.",0.004801920768307323,9.811616954474098e-05,
AAPL,company,Apple Inc.,0.004801920768307323,0.0009494182288299935,
ABBV,company,AbbVie Inc.,0.009603841536614645,0.000914788992520085,
ABNB,company,"Airbnb, Inc.",0.009603841536614645,0.0141662434204451,
ABT,company,Abbott Laboratories,0.012004801920768306,0.0011456505679194756,
ACGL,company,Arch Capital Group Ltd.,0.008403361344537815,0.0029607997044971837,
ACN,company,Accenture plc,0.009603841536614645,0.001321682519161511,
ADBE,company,Adobe Inc.,0.008403361344537815,0.00048192353864622776,
ADI,company,"Analog Devices, Inc.",0.015606242496998799,0.0006983562655831564,
ADM,company,Archer-Daniels-Midland Company,0.004801920768307323,0.0,
ADP,company,"Automatic Data Processing, Inc.",0.009603841536614645,0.0013072536706990488,
ADSK,company,"Autodesk, Inc.",0.009603841536614645,0.0004588373811062887,
AEE,company,Ameren Corporation,0.009603841536614645,0.00535598854926586,
AEP,company,"American Electric Power Company, Inc.",0.010804321728691476,0.0012899390525440947,
AES,company,The AES Corporation,0.013205282112845136,0.004224766829808847,
AFL,company,Aflac Incorporated,0.0024009603841536613,0.0,
AIG,company,"American International Group, Inc.",0.007202881152460984,0.00029434850863422295,
AIZ,company,"Assurant, Inc.",0.010804321728691476,0.003361921691753625,
AJG,company,Arthur J. Gallagher & Co.,0.008403361344537815,0.0021066118755194386,
AKAM,company,"Akamai Technologies, Inc.",0.007202881152460984,0.00032609197525163914,
ALB,company,Albemarle Corporation,0.012004801920768306,0.0009407609197525165,
ALGN,company,"Align Technology, Inc.",0.007202881152460984,5.771539384984763e-05,
ALL,company,The Allstate Corporation,0.006002400960384153,0.0,
ALLE,company,Allegion plc,0.008403361344537815,0.0010475343983747346,
AMAT,company,"Applied Materials, Inc.",0.010804321728691476,0.0037024425154677256,
AMCR,company,Amcor plc,0.010804321728691476,0.0035062101763782437,
AMD,company,"Advanced Micro Devices, Inc.",0.01680672268907563,0.000499238156801182,
AME,company,"AMETEK, Inc.",0.009603841536614645,0.0005223243143411211,
AMGN,company,Amgen Inc.,0.010804321728691476,0.005936028257456829,
AMP,company,"Ameriprise Financial, Inc.",0.010804321728691476,0.0005684966294209992,
AMT,company,American Tower Corporation,0.010804321728691476,0.00170837565795549,
AMZN,company,"Amazon.com, Inc.",0.013205282112845136,0.0023865315356911996,
ANET,company,Arista Networks Inc,0.014405762304921969,0.0018122633668852157,
AON,company,Aon plc,0.013205282112845136,0.002320158832763875,
AOS,company,A. O. Smith Corporation,0.003601440576230492,5.194385446486287e-05,
APA,company,APA Corporation,0.013205282112845136,0.004317111459968603,
APD,company,"Air Products and Chemicals, Inc.",0.007202881152460984,0.0023721026872287375,
APH,company,Amphenol Corporation,0.007202881152460984,3.17434666174162e-05,
APO,company,"Apollo Global Management, Inc.",0.008403361344537815,0.001142764798226983,
APTV,company,Aptiv PLC,0.010804321728691476,0.0005771539384984764,
ARE,company,"Alexandria Real Estate Equities, Inc.",0.012004801920768306,0.0006002400960384154,
ATO,company,Atmos Energy Corporation,0.009603841536614645,0.0008686166774402069,
AVB,company,"AvalonBay Communities, Inc.",0.009603841536614645,4.3286545387385724e-05,
AVGO,company,Broadcom Inc.,0.014405762304921969,0.0012524240465416937,
AVY,company,Avery Dennison Corporation,0.008403361344537815,0.0009955905439098718,
AWK,company,"American Water Works Company, Inc.",0.008403361344537815,0.005569535506510297,
AXON,company,"Axon Enterprise, Inc.",0.008403361344537815,0.002487533474928433,
AXP,company,American Express Company,0.008403361344537815,0.003569697109613076,
AZO,company,"AutoZone, Inc.",0.014405762304921969,0.0043055683811986335,
BA,company,The Boeing Company,0.009603841536614645,0.001362083294856404,
BAC,company,Bank of America Corporation,0.015606242496998799,0.0024298180810785855,
BALL,company,Ball Corporation,0.010804321728691476,0.0028020823714101028,
BAX,company,Baxter International Inc.,0.004801920768307323,0.0024933050143134176,
BBY,company,"Best Buy Co., Inc.",0.012004801920768306,0.00182957798504017,
BDX,company,"Becton, Dickinson and Company",0.008403361344537815,0.04355780773848001,
BEN,company,"Franklin Resources, Inc.",0.009603841536614645,0.00012120232708468003,
BF.B,company,Brown-Forman Corporation,0.014405762304921969,0.010896666358851233,
BG,company,Bunge Global SA,0.007202881152460984,5.194385446486287e-05,
BIIB,company,Biogen Inc.,0.008403361344537815,0.0009205605319050697,
BK,company,The Bank of New York Mellon Corporation,0.007202881152460984,7.503001200480193e-05,
BKNG,company,Booking Holdings Inc.,0.012004801920768306,0.0020546680210545756,
BKR,company,Baker Hughes Company,0.02160864345738295,0.007855065102964263,
BLDR,company,"Builders FirstSource, Inc.",0.012004801920768306,0.0021816418875242405,
BLK,company,"BlackRock, Inc.",0.013205282112845136,0.0161747391264198,
BMY,company,Bristol-Myers Squibb Company,0.008403361344537815,0.00038380736910148674,
BR,company,"Broadridge Financial Solutions, Inc.",0.015606242496998799,0.005532020500507896,
BRO,company,"Brown & Brown, Inc.",0.007202881152460984,0.00023086157539939053,
BSX,company,Boston Scientific Corporation,0.010804321728691476,0.0027559100563302246,
BX,company,Blackstone Inc.,0.015606242496998799,0.0015063717794810232,
BXP,company,"BXP, Inc.",0.012004801920768306,0.0010504201680672268,
C,company,Citigroup Inc.,0.013205282112845136,0.0005165527749561364,
CAG,company,"Conagra Brands, Inc.",0.01680672268907563,0.0021037261058269464,
CAH,company,"Cardinal Health, Inc.",0.009603841536614645,0.00267799427463293,
CARR,company,Carrier Global Corporation,0.009603841536614645,0.001815149136577708,
CAT,company,Caterpillar Inc.,0.015606242496998799,0.0002654908117092991,
CB,company,Chubb Limited,0.0024009603841536613,0.0,
CBOE,company,"Cboe Global Markets, Inc.",0.013205282112845136,0.008691938313787053,
CBRE,company,"CBRE Group, Inc.",0.013205282112845136,0.004729776525995014,
CCI,company,Crown Castle Inc.,0.008403361344537815,0.01328031212484994,
CCL,company,Carnival Corporation & plc,0.006002400960384153,0.0002712623510942839,
CDNS,company,"Cadence Design Systems, Inc.",0.013205282112845136,0.0045335441869055314,
CDW,company,CDW Corporation,0.015606242496998799,0.000854187828977745,
CEG,company,Constellation Energy Corporation,0.014405762304921969,0.004455628405208237,
CF,company,"CF Industries Holdings, Inc.",0.008403361344537815,0.01766668205743836,
CFG,company,"Citizens Financial Group, Inc.",0.014405762304921969,0.00039535044787145627,
CHD,company,"Church & Dwight Co., Inc.",0.010804321728691476,0.000340520823714101,
CHRW,company,"C.H. Robinson Worldwide, Inc.",0.008403361344537815,0.0031022024194293104,
CHTR,company,"Charter Communications, Inc.",0.007202881152460984,0.0023547880690737836,
CI,company,The Cigna Group,0.013205282112845136,0.002761681595715209,
CINF,company,Cincinnati Financial Corporation,0.006002400960384153,0.00013274540585464956,
CL,company,Colgate-Palmolive Company,0.009603841536614645,4.3286545387385724e-05,
CLX,company,The Clorox Company,0.01920768307322929,0.0015756302521008404,
CMCSA,company,Comcast Corporation,0.004801920768307323,0.00041843660541139534,
CME,company,CME Group Inc.,0.009603841536614645,0.002147012651214332,
CMG,company,"Chipotle Mexican Grill, Inc.",0.010804321728691476,0.0036331840428479086,
CMI,company,Cummins Inc.,0.013205282112845136,0.0024615615476960015,
CMS,company,CMS Energy Corporation,0.008403361344537815,0.00045306584172130393,
CNC,company,Centene Corporation,0.010804321728691476,0.00464031766552775,
CNP,company,"CenterPoint Energy, Inc.",0.007202881152460984,0.0003809215994089944,
COF,company,Capital One Financial Corporation,0.013205282112845136,0.0017603195124203529,
COO,company,"The Cooper Companies, Inc.",0.009603841536614645,0.00038380736910148674,
COP,company,ConocoPhillips,0.009603841536614645,0.0004097792963339182,
COR,company,"Cencora, Inc.",0.008403361344537815,0.0004242081447963801,
COST,company,Costco Wholesale Corporation,0.007202881152460984,0.00022797580570689814,
CPAY,company,"Corpay, Inc.",0.013205282112845136,0.0012091375011543078,
CPB,company,The Campbell's Company,0.01680672268907563,0.0044844861021331615,
CPRT,company,"Copart, Inc.",0.007202881152460984,0.0010619632468371965,
CPT,company,Camden Property Trust,0.01920768307322929,0.0015756302521008404,
CRL,company,"Charles River Laboratories International, Inc.",0.015606242496998799,0.007298111552313233,
CRM,company,"Salesforce, Inc.",0.009603841536614645,0.005964885954381753,
CRWD,company,"CrowdStrike Holdings, Inc.",0.008403361344537815,0.0014688567734786222,
CSCO,company,"Cisco Systems, Inc.",0.013205282112845136,0.0007762720472804507,
CSGP,company,"CoStar Group, Inc.",0.010804321728691476,0.01171622495151907,
CSX,company,CSX Corporation,0.010804321728691476,0.003967933327177025,
CTAS,company,Cintas Corporation,0.004801920768307323,0.0024009603841536617,
CTRA,company,Coterra Energy Inc.,0.012004801920768306,0.003203204358666544,
CTSH,company,Cognizant Technology Solutions Corporation,0.014405762304921969,0.003159917813279158,
CTVA,company,"Corteva, Inc.",0.003601440576230492,0.0016160310277957338,
CVS,company,CVS Health Corporation,0.010804321728691476,0.003985247945331979,
CVX,company,Chevron Corporation,0.010804321728691476,0.0001731461815495429,
CZR,company,"Caesars Entertainment, Inc.",0.009603841536614645,0.00237498845692123,
D,company,"Dominion Energy, Inc.",0.007202881152460984,0.00014717425431711148,
DAL,company,"Delta Air Lines, Inc.",0.003601440576230492,0.0,
DASH,company,"DoorDash, Inc.",0.013205282112845136,0.00134476867670145,
DAY,company,Dayforce Inc.,0.009603841536614645,0.00011543078769969526,
DD,company,"DuPont de Nemours, Inc.",0.010804321728691476,0.0010417628589897499,
DE,company,Deere & Company,0.009603841536614645,0.002640479268630529,
DECK,company,Deckers Outdoor Corporation,0.009603841536614645,0.00219318496629421,
DELL,company,Dell Technologies Inc.,0.015606242496998799,0.010810093268076462,
DFS,company,Discover Financial Services,0.014405762304921969,0.002040239172592114,
DG,company,Dollar General Corporation,0.013205282112845136,0.006995105734601533,
DGX,company,Quest Diagnostics Incorporated,0.012004801920768306,0.0008974743743651307,
DHI,company,"D.R. Horton, Inc.",0.009603841536614645,0.002995428940807092,
DHR,company,Danaher Corporation,0.012004801920768306,0.003379236309908579,
DIS,company,The Walt Disney Company,0.004801920768307323,0.0006233262535783544,
DLR,company,"Digital Realty Trust, Inc.",0.01680672268907563,0.0016910610398005357,
DLTR,company,"Dollar Tree, Inc.",0.006002400960384153,0.0028020823714101028,
DOC,company,"Healthpeak Properties, Inc.",0.013205282112845136,6.637270292732478e-05,
DOV,company,Dover Corporation,0.010804321728691476,0.0037428432911626192,
DOW,company,Dow Inc.,0.008403361344537815,0.0030618016437344167,
DPZ,company,"Domino's Pizza, Inc.",0.014405762304921969,0.005304044694800997,
DRI,company,"Darden Restaurants, Inc.",0.008403361344537815,0.0,
DTE,company,DTE Energy Company,0.010804321728691476,0.00047903776895373535,
DUK,company,Duke Energy Corporation,0.009603841536614645,0.0022335857419891036,
DVA,company,DaVita Inc.,0.007202881152460984,0.0005194385446486287,
DVN,company,Devon Energy Corporation,0.012004801920768306,0.002885769692492382,
DXCM,company,"DexCom, Inc.",0.004801920768307323,0.0016362314156431804,
EA,company,Electronic Arts Inc.,0.0012004801920768306,0.0,
EBAY,company,eBay Inc.,0.009603841536614645,0.02277738018284237,
ECL,company,Ecolab Inc.,0.009603841536614645,0.0008657309077477144,
EFX,company,Equifax Inc.,0.013205282112845136,0.0058840844029919665,
EG,company,"Everest Group, Ltd.",0.006002400960384153,8.657309077477145e-05,
EIX,company,Edison International,0.010804321728691476,0.00244713269923354,
EL,company,The Estée Lauder Companies Inc.,0.015606242496998799,0.00039535044787145627,
ELV,company,"Elevance Health, Inc.",0.007202881152460984,0.003667813279157817,
EMN,company,Eastman Chemical Company,0.003601440576230492,0.0004097792963339182,
EMR,company,Emerson Electric Co.,0.010804321728691476,0.001512143318866008,
ENPH,company,"Enphase Energy, Inc.",0.009603841536614645,0.0027097377412503465,
EOG,company,"EOG Resources, Inc.",0.015606242496998799,0.003076230492196879,
EPAM,company,"EPAM Systems, Inc.",0.009603841536614645,0.001217794810231785,
EQIX,company,"Equinix, Inc.",0.02040816326530612,0.0008022439745128821,
EQR,company,Equity Residential,0.013205282112845136,0.000415550835718903,
EQT,company,EQT Corporation,0.014405762304921969,0.0017805199002677995,
ERIE,company,Erie Indemnity Company,0.0012004801920768306,0.0,
ES,company,Eversource Energy,0.013205282112845136,0.0009032459137501155,
ESS,company,"Essex Property Trust, Inc.",0.012004801920768306,0.0007416428109705421,
ETN,company,Eaton Corporation plc,0.010804321728691476,0.001059077477144704,
ETR,company,Entergy Corporation,0.007202881152460984,0.0013649690645488966,
EVRG,company,"Evergy, Inc.",0.009603841536614645,0.0006002400960384154,
EW,company,Edwards Lifesciences Corporation,0.010804321728691476,0.0009090174531351002,
EXC,company,Exelon Corporation,0.006002400960384153,0.0,
EXE,company,Expand Energy Corporation,0.015606242496998799,0.0016362314156431804,
EXPE,company,"Expedia Group, Inc.",0.01680672268907563,0.002926170468187275,
EXR,company,Extra Space Storage Inc.,0.015606242496998799,0.006487210268722874,
F,company,Ford Motor Company,0.009603841536614645,0.003445609012835904,
FANG,company,"Diamondback Energy, Inc.",0.013205282112845136,0.0011889371133068612,
FAST,company,Fastenal Company,0.008403361344537815,0.0004674946901837658,
FCX,company,Freeport-McMoRan Inc.,0.004801920768307323,0.0038236448425524056,
FDS,company,FactSet Research Systems Inc.,0.009603841536614645,0.0006983562655831564,
FDX,company,FedEx Corporation,0.009603841536614645,0.0020748684089020226,
FE,company,FirstEnergy Corp.,0.006002400960384153,0.0004068935266414258,
FFIV,company,"F5, Inc.",0.009603841536614645,0.0007705005078954659,
FI,company,"Fiserv, Inc.",0.009603841536614645,0.000756071659433004,
FICO,company,Fair Isaac Corporation,0.012004801920768306,0.002357673838766276,
FIS,company,"Fidelity National Information Services, Inc.",0.015606242496998799,0.004926008865084495,
FITB,company,Fifth Third Bancorp,0.013205282112845136,0.0014486563856311756,
FOXA,company,Fox Corporation,0.006002400960384153,0.0012293378890017546,
FRT,company,Federal Realty Investment Trust,0.01680672268907563,0.000681041647428202,
FSLR,company,"First Solar, Inc.",0.009603841536614645,0.0015467725551759166,
FTNT,company,"Fortinet, Inc.",0.010804321728691476,0.012607927786499216,
FTV,company,Fortive Corporation,0.009603841536614645,5.771539384984763e-05,
GD,company,General Dynamics Corporation,0.015606242496998799,0.0035206390248407058,
GDDY,company,GoDaddy Inc.,0.012004801920768306,0.0024009603841536617,
GE,company,General Electric Company,0.008403361344537815,0.006617069904885031,
GEHC,company,GE HealthCare Technologies Inc.,0.014405762304921969,0.005901399021146921,
GEN,company,Gen Digital Inc.,0.008403361344537815,0.00035206390248407056,
GEV,company,GE Vernova Inc.,0.02040816326530612,0.006836388401514452,
GILD,company,"Gilead Sciences, Inc.",0.009603841536614645,5.771539384984763e-06,
GIS,company,"General Mills, Inc.",0.013205282112845136,0.002320158832763875,
GL,company,Globe Life Inc.,0.003601440576230492,0.0024182750023086157,
GLW,company,Corning Incorporated,0.010804321728691476,0.002481761935543448,
GM,company,General Motors Company,0.014405762304921969,0.014850170837565796,
GNRC,company,Generac Holdings Inc.,0.012004801920768306,0.0002510619632468372,
GOOGL,company,Alphabet Inc.,0.012004801920768306,0.006986448425524056,
GPC,company,Genuine Parts Company,0.012004801920768306,0.0013649690645488966,
GPN,company,Global Payments Inc.,0.010804321728691476,0.0011716224951519069,
GRMN,company,Garmin Ltd.,0.010804321728691476,0.0005540677809585373,
GS,company,"The Goldman Sachs Group, Inc.",0.012004801920768306,0.0005627250900360144,
GWW,company,"W.W. Grainger, Inc.",0.007202881152460984,0.0024009603841536617,
HAL,company,Halliburton Company,0.009603841536614645,0.003915989472712162,
HAS,company,"Hasbro, Inc.",0.009603841536614645,0.0010677347862221812,
HBAN,company,Huntington Bancshares Incorporated,0.013205282112845136,0.004389255702280912,
HCA,company,"HCA Healthcare, Inc.",0.007202881152460984,0.000756071659433004,
HD,company,"The Home Depot, Inc.",0.007202881152460984,0.00023086157539939053,
HIG,company,"The Hartford Insurance Group, Inc.",0.008403361344537815,0.0001558315633945886,
HII,company,"Huntington Ingalls Industries, Inc.",0.004801920768307323,0.00036072121156154773,
HLT,company,Hilton Worldwide Holdings Inc.,0.012004801920768306,0.0029521423954197066,
HOLX,company,"Hologic, Inc.",0.004801920768307323,0.00041266506602641057,
HON,company,Honeywell International Inc.,0.010804321728691476,0.0034686951703758427,
HPE,company,Hewlett Packard Enterprise Company,0.010804321728691476,0.005200156985871272,
HPQ,company,HP Inc.,0.008403361344537815,0.00023086157539939053,
HRL,company,Hormel Foods Corporation,0.009603841536614645,0.001740119124572906,
HSIC,company,"Henry Schein, Inc.",0.010804321728691476,0.0021210407239819007,
HST,company,"Host Hotels & Resorts, Inc.",0.010804321728691476,0.002441361159848555,
HSY,company,The Hershey Company,0.012004801920768306,0.01496560162526549,
HUBB,company,Hubbell Incorporated,0.014405762304921969,0.001904607997044972,
HUM,company,Humana Inc.,0.006002400960384153,2.020038784744667e-05,
HWM,company,Howmet Aerospace Inc.,0.009603841536614645,0.0019767522393572814,
IBM,company,International Business Machines Corporation,0.01920768307322929,0.006063002123926494,
ICE,company,"Intercontinental Exchange, Inc.",0.01680672268907563,0.003038715486194478,
IDXX,company,"IDEXX Laboratories, Inc.",0.012004801920768306,0.0009436466894450088,
IEX,company,IDEX Corporation,0.013205282112845136,0.00030300581771170007,
IFF,company,International Flavors & Fragrances Inc.,0.009603841536614645,0.0014313417674762213,
INCY,company,Incyte Corporation,0.008403361344537815,5.482962415735525e-05,
INTC,company,Intel Corporation,0.013205282112845136,0.023484393757503,
INTU,company,Intuit Inc.,0.008403361344537815,7.79157816972943e-05,
INVH,company,Invitation Homes Inc.,0.014405762304921969,0.0009898190045248868,
IP,company,International Paper Company,0.003601440576230492,0.0004068935266414258,
IPG,company,"The Interpublic Group of Companies, Inc.",0.01680672268907563,0.01597850678733032,
IQV,company,IQVIA Holdings Inc.,0.01680672268907563,0.004614345738295319,
IR,company,Ingersoll Rand Inc.,0.008403361344537815,0.0005482962415735525,
IRM,company,Iron Mountain Incorporated,0.014405762304921969,0.004389255702280912,
ISRG,company,"Intuitive Surgical, Inc.",0.007202881152460984,0.008960314895188845,
IT,company,"Gartner, Inc.",0.010804321728691476,0.0007098993443531259,
ITW,company,Illinois Tool Works Inc.,0.008403361344537815,0.00010388770892972574,
IVZ,company,Invesco Ltd.,0.010804321728691476,0.00030300581771170007,
J,company,Jacobs Solutions Inc.,0.010804321728691476,0.0016824037307230585,
JBHT,company,"J.B. Hunt Transport Services, Inc.",0.007202881152460984,0.0010763920952996584,
JBL,company,Jabil Inc.,0.014405762304921969,0.0012437667374642165,
JCI,company,Johnson Controls International plc,0.007202881152460984,0.0003664927509465325,
JKHY,company,"Jack Henry & Associates, Inc.",0.012004801920768306,0.009459553051990028,
JNJ,company,Johnson & Johnson,0.008403361344537815,0.0020171530150521746,
JPM,company,JPMorgan Chase & Co.,0.013205282112845136,0.0019536660818173426,
K,company,Kellanova,0.013205282112845136,0.00019623233908948196,
KDP,company,Keurig Dr Pepper Inc.,0.013205282112845136,0.010212738941730538,
KEY,company,KeyCorp,0.014405762304921969,0.000438636993258842,
KEYS,company,"Keysight Technologies, Inc.",0.014405762304921969,0.0022162711238341492,
KHC,company,The Kraft Heinz Company,0.009603841536614645,0.0,
KIM,company,Kimco Realty Corporation,0.01680672268907563,0.00036937852063902485,
KKR,company,KKR & Co. Inc.,0.010804321728691476,9.52303998522486e-05,
KLAC,company,KLA Corporation,0.008403361344537815,0.0022711007479915045,
KMB,company,Kimberly-Clark Corporation,0.008403361344537815,0.0,
KMI,company,"Kinder Morgan, Inc.",0.013205282112845136,0.003555268261150614,
KMX,company,"CarMax, Inc.",0.010804321728691476,0.0003145488964816696,
KO,company,The Coca-Cola Company,0.008403361344537815,0.0,
KR,company,The Kroger Co.,0.014405762304921969,0.0034369517037584267,
KVUE,company,Kenvue Inc.,0.013205282112845136,0.0003895789084864715,
L,company,Loews Corporation,0.010804321728691476,0.006068773663311479,
LDOS,company,"Leidos Holdings, Inc.",0.008403361344537815,0.0006492981808107859,
LEN,company,Lennar Corporation,0.012004801920768306,0.004634546126142765,
LH,company,Labcorp Holdings Inc.,0.008403361344537815,0.001512143318866008,
LHX,company,"L3Harris Technologies, Inc.",0.008403361344537815,0.0015525440945609013,
LII,company,Lennox International Inc.,0.007202881152460984,0.002320158832763875,
LIN,company,Linde plc,0.012004801920768306,0.00401121987256441,
LKQ,company,LKQ Corporation,0.008403361344537815,0.0007820435866654355,
LLY,company,Eli Lilly and Company,0.008403361344537815,0.000551182011266045,
LMT,company,Lockheed Martin Corporation,0.008403361344537815,0.0,
LNT,company,Alliant Energy Corporation,0.009603841536614645,0.000219318496629421,
LOW,company,"Lowe's Companies, Inc.",0.008403361344537815,0.0017199187367254595,
LRCX,company,Lam Research Corporation,0.009603841536614645,0.0014573136947086528,
LULU,company,lululemon athletica inc.,0.009603841536614645,0.0028309400683350265,
LUV,company,Southwest Airlines Co.,0.006002400960384153,0.001572744482408348,
LVS,company,Las Vegas Sands Corp.,0.006002400960384153,0.0002366331147843753,
LW,company,"Lamb Weston Holdings, Inc.",0.010804321728691476,0.004014105642256903,
LYB,company,LyondellBasell Industries N.V.,0.004801920768307323,0.0001731461815495429,
LYV,company,"Live Nation Entertainment, Inc.",0.003601440576230492,0.0,
MA,company,Mastercard Incorporated,0.009603841536614645,0.000718556653430603,
MAA,company,"Mid-America Apartment Communities, Inc.",0.01800720288115246,0.003915989472712162,
MAR,company,"Marriott International, Inc.",0.009603841536614645,0.003650498661002863,
MAS,company,Masco Corporation,0.007202881152460984,0.001082163634684643,
MCD,company,McDonald's Corporation,0.012004801920768306,0.0007589574291254964,
MCHP,company,Microchip Technology Incorporated,0.010804321728691476,0.00046172315079878105,
MCK,company,McKesson Corporation,0.010804321728691476,0.0018699787607350633,
MCO,company,Moody's Corporation,0.007202881152460984,0.0016535460337981347,
MDLZ,company,"Mondelez International, Inc.",0.009603841536614645,0.007289454243235756,
MDT,company,Medtronic plc,0.003601440576230492,8.945886046726383e-05,
MET,company,"MetLife, Inc.",0.006002400960384153,0.0015554298642533938,
META,company,"Meta Platforms, Inc.",0.010804321728691476,0.0017256902761104442,
MGM,company,MGM Resorts International,0.009603841536614645,0.009150775694893342,
MHK,company,"Mohawk Industries, Inc.",0.012004801920768306,0.0029983147104995847,
MKC,company,"McCormick & Company, Incorporated",0.010804321728691476,0.0007445285806630344,
MKTX,company,MarketAxess Holdings Inc.,0.013205282112845136,0.007563602364022533,
MLM,company,"Martin Marietta Materials, Inc.",0.009603841536614645,0.0009580755379074707,
MMC,company,"Marsh & McLennan Companies, Inc.",0.010804321728691476,0.0013563117554714194,
MMM,company,3M Company,0.012004801920768306,0.0013361113676239728,
MNST,company,Monster Beverage Corporation,0.010804321728691476,0.0004068935266414258,
MO,company,"Altria Group, Inc.",0.010804321728691476,0.004319997229661096,
MOH,company,"Molina Healthcare, Inc.",0.007202881152460984,5.194385446486287e-05,
MOS,company,The Mosaic Company,0.009603841536614645,0.00530693046449349,
MPC,company,Marathon Petroleum Corporation,0.010804321728691476,0.0002712623510942839,
MPWR,company,"Monolithic Power Systems, Inc.",0.010804321728691476,0.0003636069812540401,
MRK,company,"Merck & Co., Inc.",0.009603841536614645,8.657309077477145e-05,
MRNA,company,"Moderna, Inc.",0.006002400960384153,0.0010561917074522118,
MS,company,Morgan Stanley,0.010804321728691476,0.00041266506602641057,
MSCI,company,MSCI Inc.,0.013205282112845136,0.004244967217656294,
MSFT,company,Microsoft Corporation,0.009603841536614645,0.002487533474928433,
MSI,company,"Motorola Solutions, Inc.",0.007202881152460984,0.0004963523871086896,
MTB,company,M&T Bank Corporation,0.01680672268907563,0.006856588789361899,
MTCH,company,"Match Group, Inc.",0.006002400960384153,7.79157816972943e-05,
MTD,company,Mettler-Toledo International Inc.,0.013205282112845136,0.0024384753901560627,
MU,company,"Micron Technology, Inc.",0.015606242496998799,0.013095622864530428,
NCLH,company,Norwegian Cruise Line Holdings Ltd.,0.008403361344537815,0.004461399944593222,
NDAQ,company,"Nasdaq, Inc.",0.004801920768307323,0.00015871733308708098,
NDSN,company,Nordson Corporation,0.008403361344537815,7.214424231230955e-05,
NEE,company,"NextEra Energy, Inc.",0.010804321728691476,0.0029983147104995847,
NEM,company,Newmont Corporation,0.006002400960384153,0.0037688152183950503,
NFLX,company,"Netflix, Inc.",0.003601440576230492,0.0016593175731831195,
NI,company,NiSource Inc.,0.012004801920768306,0.000279919660171761,
NKE,company,"NIKE, Inc.",0.008403361344537815,0.004092021423954197,
NOC,company,Northrop Grumman Corporation,0.006002400960384153,0.0,
NOW,company,"ServiceNow, Inc.",0.008403361344537815,0.004317111459968603,
NRG,company,"NRG Energy, Inc.",0.013205282112845136,0.0007127851140456183,
NSC,company,Norfolk Southern Corporation,0.006002400960384153,0.0007012420352756488,
NTAP,company,"NetApp, Inc.",0.009603841536614645,0.002851140456182473,
NTRS,company,Northern Trust Corporation,0.009603841536614645,0.001119678640687044,
NUE,company,Nucor Corporation,0.008403361344537815,0.007049935358758888,
NVDA,company,NVIDIA Corporation,0.014405762304921969,0.006559354511035184,
NWSA,company,News Corporation,0.009603841536614645,0.0009725043863699326,
NXPI,company,NXP Semiconductors N.V.,0.009603841536614645,0.0005482962415735525,
O,company,Realty Income Corporation,0.01800720288115246,0.0009696186166774402,
ODFL,company,"Old Dominion Freight Line, Inc.",0.007202881152460984,0.00047038045987625823,
OKE,company,"ONEOK, Inc.",0.010804321728691476,0.0003636069812540401,
OMC,company,Omnicom Group Inc.,0.013205282112845136,0.004169937205651492,
ON,company,ON Semiconductor Corporation,0.015606242496998799,0.004550858805060486,
ORCL,company,Oracle Corporation,0.012004801920768306,0.014907886231415644,
ORLY,company,"O'Reilly Automotive, Inc.",0.013205282112845136,0.0015496583248684088,
OTIS,company,Otis Worldwide Corporation,0.008403361344537815,0.00038669313879397915,
OXY,company,Occidental Petroleum Corporation,0.009603841536614645,0.00035494967217656297,
PANW,company,"Palo Alto Networks, Inc.",0.013205282112845136,0.015421553236679288,
PARA,company,Paramount Global,0.004801920768307323,0.0001414027149321267,
PAYC,company,"Paycom Software, Inc.",0.012004801920768306,0.005595507433742728,
PAYX,company,"Paychex, Inc.",0.008403361344537815,0.00036937852063902485,
PCAR,company,PACCAR Inc,0.009603841536614645,0.0038755886970172687,
PCG,company,PG&E Corporation,0.007202881152460984,0.0004270939144888725,
PEG,company,Public Service Enterprise Group Incorporated,0.009603841536614645,2.8857696924923816e-05,
PEP,company,"PepsiCo, Inc.",0.009603841536614645,0.0,
PFE,company,Pfizer Inc.,0.007202881152460984,0.000219318496629421,
PFG,company,"Principal Financial Group, Inc.",0.008403361344537815,0.004230538369193832,
PG,company,The Procter & Gamble Company,0.012004801920768306,0.00025971927232431436,
PGR,company,The Progressive Corporation,0.007202881152460984,0.0016131452581032413,
PH,company,Parker-Hannifin Corporation,0.007202881152460984,3.462923630990858e-05,
PHM,company,"PulteGroup, Inc.",0.004801920768307323,0.0009436466894450088,
PKG,company,Packaging Corporation of America,0.004801920768307323,0.0018468926031951242,
PLD,company,"Prologis, Inc.",0.014405762304921969,0.0030560301043494323,
PLTR,company,Palantir Technologies Inc.,0.007202881152460984,0.00017603195124203528,
PM,company,Philip Morris International Inc.,0.012004801920768306,0.005990857881614184,
PNC,company,"The PNC Financial Services Group, Inc.",0.009603841536614645,1.4428848462461908e-05,
PNR,company,Pentair plc,0.007202881152460984,0.0019998383968972207,
PNW,company,Pinnacle West Capital Corporation,0.008403361344537815,0.0006377551020408164,
PODD,company,Insulet Corporation,0.009603841536614645,0.0007300997322005725,
POOL,company,Pool Corporation,0.010804321728691476,0.0032089758980515283,
PPG,company,"PPG Industries, Inc.",0.009603841536614645,0.0061755471419336965,
PPL,company,PPL Corporation,0.012004801920768306,0.0027097377412503465,
PRU,company,"Prudential Financial, Inc.",0.003601440576230492,0.0004097792963339182,
PSA,company,Public Storage,0.014405762304921969,0.0029665712438821682,
PSX,company,Phillips 66,0.008403361344537815,0.0020286960938221445,
PTC,company,PTC Inc.,0.008403361344537815,0.007520315818635146,
PWR,company,"Quanta Services, Inc.",0.014405762304921969,0.0019767522393572814,
PYPL,company,"PayPal Holdings, Inc.",0.007202881152460984,0.006585326438267615,
QCOM,company,QUALCOMM Incorporated,0.008403361344537815,8.657309077477145e-05,
RCL,company,Royal Caribbean Cruises Ltd.,0.003601440576230492,0.0,
REG,company,Regency Centers Corporation,0.013205282112845136,0.0002539477329393296,
REGN,company,"Regeneron Pharmaceuticals, Inc.",0.009603841536614645,0.0004097792963339182,
RF,company,Regions Financial Corporation,0.014405762304921969,0.0015236863976359775,
RJF,company,"Raymond James Financial, Inc.",0.009603841536614645,0.0003232062055591467,
RL,company,Ralph Lauren Corporation,0.008403361344537815,0.0,
RMD,company,ResMed Inc.,0.015606242496998799,0.01940968695170376,
ROK,company,"Rockwell Automation, Inc.",0.012004801920768306,0.0018584356819650938,
ROL,company,"Rollins, Inc.",0.010804321728691476,0.006804644934897036,
ROP,company,"Roper Technologies, Inc.",0.013205282112845136,0.0020690968695170377,
ROST,company,"Ross Stores, Inc.",0.009603841536614645,9.52303998522486e-05,
RSG,company,"Republic Services, Inc.",0.009603841536614645,0.0003895789084864715,
RTX,company,RTX Corporation,0.007202881152460984,0.0006175547141933697,
RVTY,company,"Revvity, Inc.",0.009603841536614645,0.0036533844306953552,
SBAC,company,SBA Communications Corporation,0.009603841536614645,0.0008743882168251916,
SBUX,company,Starbucks Corporation,0.009603841536614645,0.0017026041185705051,
SCHW,company,The Charles Schwab Corporation,0.013205282112845136,0.010143480469110722,
SHW,company,The Sherwin-Williams Company,0.007202881152460984,0.0013476544463939422,
SJM,company,The J. M. Smucker Company,0.008403361344537815,0.0012379951980792318,
SLB,company,Schlumberger Limited,0.015606242496998799,0.002724166589712808,
SMCI,company,"Super Micro Computer, Inc.",0.012004801920768306,0.007589574291254964,
SNA,company,Snap-on Incorporated,0.009603841536614645,0.00219318496629421,
SNPS,company,"Synopsys, Inc.",0.013205282112845136,0.0021354695724443624,
SO,company,The Southern Company,0.010804321728691476,0.00027703389047926865,
SOLV,company,Solventum Corporation,0.007202881152460984,0.006596869517037585,
SPG,company,"Simon Property Group, Inc.",0.01920768307322929,0.0030675731831194017,
SPGI,company,S&P Global Inc.,0.009603841536614645,0.00371975713362268,
SRE,company,Sempra,0.010804321728691476,0.0005165527749561364,
STE,company,STERIS plc,0.010804321728691476,0.0024009603841536617,
STLD,company,"Steel Dynamics, Inc.",0.010804321728691476,0.03189064087173331,
STT,company,State Street Corporation,0.007202881152460984,7.214424231230955e-05,
STX,company,Seagate Technology Holdings plc,0.008403361344537815,7.503001200480193e-05,
STZ,company,"Constellation Brands, Inc.",0.007202881152460984,0.0063919798688706255,
SW,company,Smurfit Westrock Plc,0.008403361344537815,0.0012870532828516022,
SWK,company,"Stanley Black & Decker, Inc.",0.014405762304921969,0.0002510619632468372,
SWKS,company,"Skyworks Solutions, Inc.",0.013205282112845136,0.000597354326345923,
SYF,company,Synchrony Financial,0.009603841536614645,0.0009407609197525165,
SYK,company,Stryker Corporation,0.006002400960384153,0.0024009603841536617,
SYY,company,Sysco Corporation,0.01680672268907563,0.004438313787053283,
T,company,AT&T Inc.,0.009603841536614645,0.009231577246283129,
TAP,company,Molson Coors Beverage Company,0.006002400960384153,0.00024529042386185247,
TDG,company,TransDigm Group Incorporated,0.007202881152460984,0.0010908209437621203,
TDY,company,Teledyne Technologies Incorporated,0.007202881152460984,0.0013793979130113584,
TECH,company,Bio-Techne Corporation,0.007202881152460984,0.00021066118755194387,
TEL,company,TE Connectivity plc,0.012004801920768306,6.0601163542340014e-05,
TER,company,"Teradyne, Inc.",0.01800720288115246,0.009745244251546773,
TFC,company,Truist Financial Corporation,0.01680672268907563,0.002706851971557854,
TGT,company,Target Corporation,0.012004801920768306,0.0008628451380552221,
TJX,company,"The TJX Companies, Inc.",0.013205282112845136,0.00010388770892972574,
TKO,company,"TKO Group Holdings, Inc.",0.004801920768307323,0.0013793979130113584,
TMO,company,Thermo Fisher Scientific Inc.,0.013205282112845136,0.0035725828793055684,
TMUS,company,"T-Mobile US, Inc.",0.008403361344537815,0.004014105642256903,
TPL,company,Texas Pacific Land Corporation,0.010804321728691476,0.006677671068427371,
TPR,company,"Tapestry, Inc.",0.008403361344537815,0.0002654908117092991,
TRGP,company,Targa Resources Corp.,0.010804321728691476,0.004412341859820852,
TRMB,company,Trimble Inc.,0.006002400960384153,6.925847261981716e-05,
TROW,company,"T. Rowe Price Group, Inc.",0.010804321728691476,0.0004328654538738572,
TRV,company,"The Travelers Companies, Inc.",0.008403361344537815,0.0003232062055591467,
TSCO,company,Tractor Supply Company,0.012004801920768306,0.0008080155138978669,
TSLA,company,"Tesla, Inc.",0.009603841536614645,0.0022249284329116264,
TSN,company,"Tyson Foods, Inc.",0.010804321728691476,0.012062517314618156,
TT,company,Trane Technologies plc,0.009603841536614645,0.001338997137316465,
TTWO,company,"Take-Two Interactive Software, Inc.",0.009603841536614645,0.001376512143318866,
TXN,company,Texas Instruments Incorporated,0.009603841536614645,0.0004848093083387201,
TXT,company,Textron Inc.,0.010804321728691476,0.0037774725274725275,
TYL,company,"Tyler Technologies, Inc.",0.013205282112845136,0.0036158694246929543,
UAL,company,"United Airlines Holdings, Inc.",0.006002400960384153,0.001965209160587312,
UBER,company,"Uber Technologies, Inc.",0.010804321728691476,0.0012062517314618156,
UDR,company,"UDR, Inc.",0.015606242496998799,0.0038640456182472993,
UHS,company,"Universal Health Services, Inc.",0.007202881152460984,0.0013361113676239728,
ULTA,company,"Ulta Beauty, Inc.",0.007202881152460984,0.001255309816234186,
UNH,company,UnitedHealth Group Incorporated,0.012004801920768306,0.001601602179333272,
UNP,company,Union Pacific Corporation,0.006002400960384153,0.001301482131314064,
UPS,company,"United Parcel Service, Inc.",0.008403361344537815,0.002201842275371687,
URI,company,"United Rentals, Inc.",0.012004801920768306,0.007410656570320436,
USB,company,U.S. Bancorp,0.010804321728691476,0.0004242081447963801,
V,company,Visa Inc.,0.010804321728691476,0.006908532643826762,
VICI,company,VICI Properties Inc.,0.013205282112845136,0.007872379721119217,
VLO,company,Valero Energy Corporation,0.006002400960384153,0.00013851694523963433,
VLTO,company,Veralto Corporation,0.013205282112845136,0.0007358712715855573,
VMC,company,Vulcan Materials Company,0.010804321728691476,0.0006550697201957706,
VRSK,company,"Verisk Analytics, Inc.",0.012004801920768306,0.001965209160587312,
VRSN,company,"VeriSign, Inc.",0.004801920768307323,0.0006983562655831564,
VRTX,company,Vertex Pharmaceuticals Incorporated,0.009603841536614645,0.0022941869055314434,
VST,company,Vistra Corp.,0.012004801920768306,0.0016160310277957338,
VTR,company,"Ventas, Inc.",0.013205282112845136,0.03899829162434205,
VTRS,company,Viatris Inc.,0.008403361344537815,0.00013274540585464956,
VZ,company,Verizon Communications Inc.,0.009603841536614645,0.00048192353864622776,
WAB,company,Westinghouse Air Brake Technologies Corporation,0.012004801920768306,0.003641841351925386,
WAT,company,Waters Corporation,0.004801920768307323,0.0005713823991134915,
WBA,company,"Walgreens Boots Alliance, Inc.",0.014405762304921969,0.011214101025025396,
WBD,company,"Warner Bros. Discovery, Inc.",0.004801920768307323,0.0,
WDAY,company,"Workday, Inc.",0.007202881152460984,0.0009667328469849479,
WDC,company,Western Digital Corporation,0.012004801920768306,0.0016650891125681042,
WEC,company,"WEC Energy Group, Inc.",0.008403361344537815,0.0,
WELL,company,Welltower Inc.,0.010804321728691476,0.003076230492196879,
WFC,company,Wells Fargo & Company,0.01800720288115246,0.0014630852340936375,
WM,company,"Waste Management, Inc.",0.009603841536614645,0.001618916797488226,
WMB,company,"The Williams Companies, Inc.",0.014405762304921969,0.00281073968048758,
WMT,company,Walmart Inc.,0.013205282112845136,0.0022941869055314434,
WRB,company,W. R. Berkley Corporation,0.007202881152460984,8.657309077477145e-05,
WSM,company,"Williams-Sonoma, Inc.",0.013205282112845136,0.001474628312863607,
WST,company,"West Pharmaceutical Services, Inc.",0.012004801920768306,0.001898836457659987,
WTW,company,Willis Towers Watson Public Limited Company,0.013205282112845136,0.000816672822975344,
WY,company,Weyerhaeuser Company,0.012004801920768306,0.00494332348323945,
WYNN,company,"Wynn Resorts, Limited",0.012004801920768306,0.0034571520916058733,
XEL,company,Xcel Energy Inc.,0.008403361344537815,4.6172315079878107e-05,
XOM,company,Exxon Mobil Corporation,0.008403361344537815,0.00017603195124203528,
XYL,company,Xylem Inc.,0.010804321728691476,0.0029146273894173056,
YUM,company,"Yum! Brands, Inc.",0.014405762304921969,0.00176897682149783,
ZBH,company,"Zimmer Biomet Holdings, Inc.",0.009603841536614645,0.0004559516114137963,
ZBRA,company,Zebra Technologies Corporation,0.012004801920768306,0.0003982362175639487,
ZTS,company,Zoetis Inc.,0.004801920768307323,0.000900360144057623,
clinical,topic,clinical,0.031212484993997598,0.008282159017453135,
diagnostics,topic,diagnostics,0.014405762304921969,0.0001442884846246191,
orders,topic,orders,0.03721488595438175,0.009776987718164189,
pharma,topic,pharma,0.01800720288115246,0.002758795826022717,
ai,topic,ai,0.09363745498199279,0.03233216363468464,
gross,topic,gross,0.08883553421368547,0.051874595992243054,
gross margin,topic,gross margin,0.07563025210084033,0.048428986979407146,
installed base,topic,installed base,0.006002400960384153,0.0005886970172684459,
disease,topic,disease,0.01680672268907563,0.0004848093083387201,
market growth,topic,market growth,0.003601440576230492,3.7515006002400965e-05,
oncology,topic,oncology,0.014405762304921969,0.0006752701080432173,
patients,topic,patients,0.04441776710684273,0.0035350678733031674,
sales billion,topic,sales billion,0.0024009603841536613,9.52303998522486e-05,
therapies,topic,therapies,0.010804321728691476,0.0061120602086988645,
therapy,topic,therapy,0.01800720288115246,0.001898836457659987,
trial,topic,trial,0.02040816326530612,0.005829254778834611,
bookings,topic,bookings,0.03961584633853541,0.013661233724258934,
customer service,topic,customer service,0.004801920768307323,0.0008743882168251916,
hotel,topic,hotel,0.013205282112845136,0.004239195678271308,
hotels,topic,hotels,0.007202881152460984,8.080155138978668e-05,
marketing,topic,marketing,0.03601440576230492,0.015767845599778372,
supply,topic,supply,0.052821128451380546,0.034891841351925384,
travel,topic,travel,0.015606242496998799,0.0021787561178317483,
diagnostic,topic,diagnostic,0.006002400960384153,6.0601163542340014e-05,
medical,topic,medical,0.02160864345738295,0.022070366608181735,
organic sales,topic,organic sales,0.024009603841536612,0.004351740696278511,
sales growth,topic,sales growth,0.027611044417767103,0.011967286914765906,
sales increased,topic,sales increased,0.006002400960384153,0.002115269184596916,
cyber,topic,cyber,0.007202881152460984,0.0008945886046726383,
equity,topic,equity,0.030012004801920768,0.023862429587219503,
loss,topic,loss,0.014405762304921969,0.0003982362175639487,
loss ratio,topic,loss ratio,0.008403361344537815,0.0002337473450918829,
losses,topic,losses,0.012004801920768306,0.008547649829162434,
mortgage,topic,mortgage,0.013205282112845136,0.004034306030104349,
property,topic,property,0.03841536614645858,0.014948287007110537,
banking,topic,banking,0.02040816326530612,0.0007012420352756488,
clients,topic,clients,0.0744297719087635,0.009707729245544371,
cloud,topic,cloud,0.04561824729891956,0.004418113399205836,
digital,topic,digital,0.03961584633853541,0.016665319974143503,
generative ai,topic,generative ai,0.013205282112845136,0.00255679194754825,
operating margin,topic,operating margin,0.030012004801920768,0.011254501800720289,
models,topic,models,0.009603841536614645,0.0014890571613260688,
subscription,topic,subscription,0.01680672268907563,0.003552382491458122,
workflows,topic,workflows,0.004801920768307323,0.0002366331147843753,
auto,topic,auto,0.027611044417767103,0.00292039892880229,
automotive,topic,automotive,0.025210084033613443,0.003434065934065934,
consumer,topic,consumer,0.08163265306122448,0.044094560901283594,
gross margins,topic,gross margins,0.009603841536614645,0.0015842875611783176,
industrial,topic,industrial,0.050420168067226885,0.020662110998245452,
inventory,topic,inventory,0.062424969987995196,0.04179748822605966,
power,topic,power,0.027611044417767103,0.002600078492935636,
software,topic,software,0.046818727490996394,0.026981946624803767,
utilization,topic,utilization,0.02280912364945978,0.014728968510481116,
oil,topic,oil,0.025210084033613443,0.00244713269923354,
operating profit,topic,operating profit,0.02040816326530612,0.0006781558777357097,
profit,topic,profit,0.04201680672268907,0.011690253024286638,
volumes,topic,volumes,0.03841536614645858,0.02393168805983932,
client,topic,client,0.058823529411764705,0.0182582648443993,
funds,topic,funds,0.013205282112845136,0.008400475574845323,
new business,topic,new business,0.013205282112845136,0.0009465324591375012,
retention,topic,retention,0.01920768307322929,0.009032459137501154,
revenue growth,topic,revenue growth,0.03481392557022809,0.01942123003047373,
cash flow,topic,cash flow,0.06602641056422569,0.06672765259950134,
construction,topic,construction,0.02280912364945978,0.007751177394034537,
free cash,topic,free cash,0.048019207683073224,0.02029561824729892,
infrastructure,topic,infrastructure,0.027611044417767103,0.023951888447686767,
transaction,topic,transaction,0.010804321728691476,0.001693946809493028,
energy,topic,energy,0.05522208883553421,0.026598139255702282,
gas,topic,gas,0.061224489795918366,0.005024125034629236,
grid,topic,grid,0.02040816326530612,0.00140536984024379,
megawatt,topic,megawatt,0.004801920768307323,6.34869332348324e-05,
megawatts,topic,megawatts,0.01920768307322929,0.0006608412595807554,
natural gas,topic,natural gas,0.02160864345738295,0.005162641979868871,
regulatory,topic,regulatory,0.01680672268907563,0.004845207313694709,
capital plan,topic,capital plan,0.012004801920768306,0.0003924646781789639,
data center,topic,data center,0.04561824729891956,0.01998106935081725,
data centers,topic,data centers,0.028811524609843937,0.013066765167605503,
gigawatts,topic,gigawatts,0.01920768307322929,0.0021816418875242405,
operating earnings,topic,operating earnings,0.01680672268907563,0.00036072121156154773,
roe,topic,roe,0.006002400960384153,0.001073506325607166,
adjusted ebitda,topic,adjusted ebitda,0.051620648259303716,0.029911002862683535,
backlog,topic,backlog,0.049219687875150055,0.01974732200572537,
credit,topic,credit,0.03961584633853541,0.02090162988272232,
debt,topic,debt,0.015606242496998799,0.003324406685751224,
ebitda,topic,ebitda,0.09723889555822328,0.0425391310370302,
online,topic,online,0.009603841536614645,0.0013678548342413888,
utilities,topic,utilities,0.012004801920768306,0.0007127851140456183,
expense ratio,topic,expense ratio,0.007202881152460984,0.00033763505402160867,
inflation,topic,inflation,0.03241296518607443,0.02073425524055776,
vehicle,topic,vehicle,0.01800720288115246,0.0029521423954197066,
margin expansion,topic,margin expansion,0.015606242496998799,0.003569697109613076,
organic growth,topic,organic growth,0.02280912364945978,0.013505402160864346,
risk management,topic,risk management,0.003601440576230492,0.0001558315633945886,
compute,topic,compute,0.008403361344537815,0.00024240465416936006,
platform,topic,platform,0.03361344537815126,0.04936974789915967,
traffic,topic,traffic,0.01800720288115246,0.005266529688798596,
capex,topic,capex,0.024009603841536612,0.020942030658417213,
ev,topic,ev,0.012004801920768306,0.00011254501800720288,
evs,topic,evs,0.006002400960384153,4.905808477237049e-05,
prices,topic,prices,0.02040816326530612,0.014024840705512975,
productivity,topic,productivity,0.03721488595438175,0.013822836827038509,
patient,topic,patient,0.024009603841536612,0.02065922522855296,
revenues,topic,revenues,0.03601440576230492,0.017759026687598118,
advertising,topic,advertising,0.031212484993997598,0.005142441592021424,
capital deployment,topic,capital deployment,0.003601440576230492,0.00019623233908948196,
multifamily,topic,multifamily,0.007202881152460984,0.0009840474651399021,
organic revenue,topic,organic revenue,0.02040816326530612,0.0032089758980515283,
residential,topic,residential,0.02160864345738295,0.0024557900083110166,
chips,topic,chips,0.007202881152460984,0.0015063717794810232,
dram,topic,dram,0.006002400960384153,0.0,
equipment,topic,equipment,0.02040816326530612,0.00775406316372703,
foundry,topic,foundry,0.010804321728691476,0.0004848093083387201,
hbm,topic,hbm,0.006002400960384153,0.0,
memory,topic,memory,0.012004801920768306,0.003145488964816696,
semiconductor,topic,semiconductor,0.010804321728691476,0.0002510619632468372,
beverage,topic,beverage,0.012004801920768306,0.0003751500600240096,
categories,topic,categories,0.03241296518607443,0.005243443531258657,
consumer demand,topic,consumer demand,0.0024009603841536613,0.000551182011266045,
earnings growth,topic,earnings growth,0.0012004801920768306,0.0,
ebit,topic,ebit,0.010804321728691476,0.0015236863976359775,
healthcare,topic,healthcare,0.02160864345738295,0.002917513159109798,
price mix,topic,price mix,0.013205282112845136,0.00033763505402160867,
gpu,topic,gpu,0.009603841536614645,0.0018266922153476776,
gpus,topic,gpus,0.006002400960384153,0.00011254501800720288,
networking,topic,networking,0.015606242496998799,0.0015006002400960385,
server,topic,server,0.008403361344537815,1.1543078769969527e-05,
workloads,topic,workloads,0.007202881152460984,0.0003289777449441315,
aerospace,topic,aerospace,0.015606242496998799,0.0002366331147843753,
automation,topic,automation,0.012004801920768306,0.0027847677532551484,
medicines,topic,medicines,0.007202881152460984,0.000499238156801182,
volume growth,topic,volume growth,0.01920768307322929,0.01060231785021701,
bank,topic,bank,0.008403361344537815,0.0012495382768492012,
expenses,topic,expenses,0.010804321728691476,0.005107812355711516,
fixed income,topic,fixed income,0.013205282112845136,0.0009234463015975621,
transactional,topic,transactional,0.006002400960384153,0.0006781558777357097,
affo,topic,affo,0.012004801920768306,8.368732108227906e-05,
churn,topic,churn,0.012004801920768306,0.000340520823714101,
leasing,topic,leasing,0.027611044417767103,0.009872218118016437,
tenant,topic,tenant,0.012004801920768306,0.0010475343983747346,
network,topic,network,0.030012004801920768,0.013626604487949025,
operating income,topic,operating income,0.02040816326530612,0.009981877366331148,
robotics,topic,robotics,0.006002400960384153,0.0007733862775879583,
servers,topic,servers,0.006002400960384153,0.00042132237510388775,
stores,topic,stores,0.03601440576230492,0.0015294579370209622,
trials,topic,trials,0.007202881152460984,6.0601163542340014e-05,
use cases,topic,use cases,0.004801920768307323,0.0011687367254594146,
flow growth,topic,flow growth,0.0024009603841536613,0.0,
health,topic,health,0.024009603841536612,0.005012581955859267,
barrels,topic,barrels,0.015606242496998799,6.0601163542340014e-05,
gulf coast,topic,gulf coast,0.006002400960384153,0.0003116631267891772,
production,topic,production,0.046818727490996394,0.01703758426447502,
rig,topic,rig,0.010804321728691476,0.00027703389047926865,
rigs,topic,rigs,0.007202881152460984,0.0,
ebitda margin,topic,ebitda margin,0.02040816326530612,0.005624365130667652,
lng,topic,lng,0.01800720288115246,0.0014544279250161603,
diluted eps,topic,diluted eps,0.009603841536614645,0.004256510296426263,
fund,topic,fund,0.009603841536614645,0.0016073737187182566,
private equity,topic,private equity,0.004801920768307323,2.5971927232431436e-05,
engineering,topic,engineering,0.004801920768307323,0.000536753162803583,
biotech,topic,biotech,0.009603841536614645,0.0002164327269369286,
ffo,topic,ffo,0.02160864345738295,0.0075001154307877,
lease,topic,lease,0.02160864345738295,0.0009955905439098718,
leases,topic,leases,0.013205282112845136,0.0006233262535783544,
life science,topic,life science,0.009603841536614645,0.001353425985778927,
noi,topic,noi,0.01800720288115246,0.000793586665435405,
tenants,topic,tenants,0.012004801920768306,0.0001240880967771724,
occupancy,topic,occupancy,0.031212484993997598,0.003915989472712162,
rent,topic,rent,0.024009603841536612,0.007930095114969065,
rents,topic,rents,0.015606242496998799,0.0011110213316095669,
store,topic,store,0.04561824729891956,0.009286406870440484,
apparel,topic,apparel,0.006002400960384153,2.8857696924923817e-06,
food,topic,food,0.030012004801920768,0.00323494782528396,
logistics,topic,logistics,0.0024009603841536613,0.0,
retail,topic,retail,0.03721488595438175,0.014449048850309355,
capital investment,topic,capital investment,0.0012004801920768306,0.0,
eps,topic,eps,0.031212484993997598,0.03632318311940161,
utility,topic,utility,0.01680672268907563,0.0006666127989657402,
adjusted basis,topic,adjusted basis,0.003601440576230492,1.731461815495429e-05,
restaurant,topic,restaurant,0.010804321728691476,3.17434666174162e-05,
growth initiatives,topic,growth initiatives,0.0012004801920768306,0.0,
store sales,topic,store sales,0.013205282112845136,0.0005165527749561364,
aircraft,topic,aircraft,0.01680672268907563,0.0011167928709945518,
factories,topic,factories,0.004801920768307323,0.0005252100840336134,
factory,topic,factory,0.008403361344537815,0.0007531858897405116,
supply chain,topic,supply chain,0.014405762304921969,0.002441361159848555,
charge,topic,charge,0.007202881152460984,0.0001558315633945886,
charge offs,topic,charge offs,0.01680672268907563,0.00048192353864622776,
deposit,topic,deposit,0.024009603841536612,0.0003116631267891772,
deposits,topic,deposits,0.024009603841536612,0.0016218025671807185,
loan,topic,loan,0.02040816326530612,0.000378035829716502,
loan growth,topic,loan growth,0.014405762304921969,3.17434666174162e-05,
loans,topic,loans,0.02040816326530612,0.000499238156801182,
net charge,topic,net charge,0.009603841536614645,0.00021354695724443626,
securities,topic,securities,0.003601440576230492,5.771539384984763e-05,
category,topic,category,0.03361344537815126,0.012501154307876997,
net earnings,topic,net earnings,0.006002400960384153,0.0006925847261981716,
adjusted earnings,topic,adjusted earnings,0.004801920768307323,0.0005050096961861668,
product launches,topic,product launches,0.0012004801920768306,0.0,
credit card,topic,credit card,0.003601440576230492,2.5971927232431436e-05,
gross profit,topic,gross profit,0.01680672268907563,0.001844006833502632,
market dynamics,topic,market dynamics,0.0012004801920768306,0.0,
aum,topic,aum,0.009603841536614645,3.462923630990858e-05,
etf,topic,etf,0.008403361344537815,0.0014284559977837288,
etfs,topic,etfs,0.008403361344537815,0.0013880552220888356,
real estate,topic,real estate,0.01800720288115246,0.005543563579277865,
inventories,topic,inventories,0.003601440576230492,4.040077569489334e-05,
net sales,topic,net sales,0.024009603841536612,0.0021845276572167328,
organic net,topic,organic net,0.008403361344537815,1.4428848462461908e-05,
merchandising,topic,merchandising,0.009603841536614645,0.0007272139625080802,
loyalty,topic,loyalty,0.009603841536614645,0.00012985963616215718,
travelers,topic,travelers,0.004801920768307323,8.657309077477145e-06,
ebitda margins,topic,ebitda margins,0.007202881152460984,0.000672384338350725,
offshore,topic,offshore,0.007202881152460984,0.0,
upstream,topic,upstream,0.006002400960384153,8.657309077477145e-05,
base business,topic,base business,0.006002400960384153,0.00016448887247206575,
single family,topic,single family,0.007202881152460984,0.000219318496629421,
adjusted eps,topic,adjusted eps,0.013205282112845136,0.0020315818635146367,
capital markets,topic,capital markets,0.009603841536614645,0.0022278142026041186,
flow conversion,topic,flow conversion,0.0012004801920768306,0.0,
recurring,topic,recurring,0.012004801920768306,0.0016102594884107489,
recurring revenue,topic,recurring revenue,0.010804321728691476,0.001881521839505033,
trading,topic,trading,0.008403361344537815,0.0006666127989657402,
total revenues,topic,total revenues,0.0024009603841536613,8.657309077477145e-06,
private credit,topic,private credit,0.006002400960384153,0.00018468926031951243,
vehicles,topic,vehicles,0.008403361344537815,0.0002077754178594515,
net income,topic,net income,0.010804321728691476,0.001442884846246191,
adjusted gross,topic,adjusted gross,0.004801920768307323,2.5971927232431436e-05,
consumers,topic,consumers,0.03481392557022809,0.006057230584541509,
grocery,topic,grocery,0.008403361344537815,0.000718556653430603,
snacks,topic,snacks,0.007202881152460984,0.0,
distribution,topic,distribution,0.02040816326530612,0.00696624803767661,
pharmaceutical,topic,pharmaceutical,0.003601440576230492,0.0,
hvac,topic,hvac,0.004801920768307323,2.8857696924923817e-06,
truck,topic,truck,0.009603841536614645,0.0014948287007110538,
oil gas,topic,oil gas,0.006002400960384153,5.771539384984763e-06,
power generation,topic,power generation,0.004801920768307323,0.0,
profit margin,topic,profit margin,0.009603841536614645,0.0008282159017453135,
transportation,topic,transportation,0.007202881152460984,0.00013563117554714194,
trucks,topic,trucks,0.006002400960384153,0.0004848093083387201,
equities,topic,equities,0.003601440576230492,1.731461815495429e-05,
net revenue,topic,net revenue,0.014405762304921969,0.0008599593683627297,
volatility,topic,volatility,0.0024009603841536613,7.503001200480193e-05,
profits,topic,profits,0.0012004801920768306,0.0,
chip,topic,chip,0.003601440576230492,2.5971927232431436e-05,
gaap eps,topic,gaap eps,0.004801920768307323,0.0015496583248684088,
gaap net,topic,gaap net,0.007202881152460984,0.0015063717794810232,
saas,topic,saas,0.012004801920768306,0.0016131452581032413,
capacity,topic,capacity,0.046818727490996394,0.044801574475944225,
clean energy,topic,clean energy,0.009603841536614645,0.0002885769692492382,
balance sheet,topic,balance sheet,0.003601440576230492,0.0003809215994089944,
cet1,topic,cet1,0.007202881152460984,0.0,
new products,topic,new products,0.0024009603841536613,0.0002481761935543448,
freight,topic,freight,0.01680672268907563,0.004487371871825654,
medicare,topic,medicare,0.013205282112845136,5.194385446486287e-05,
retailers,topic,retailers,0.006002400960384153,0.0006492981808107859,
streaming,topic,streaming,0.009603841536614645,5.194385446486287e-05,
efficiencies,topic,efficiencies,0.004801920768307323,0.00237498845692123,
price increase,topic,price increase,0.003601440576230492,0.000559839320343522,
restaurants,topic,restaurants,0.007202881152460984,2.8857696924923817e-06,
throughput,topic,throughput,0.006002400960384153,0.0004732662295687506,
marketplace,topic,marketplace,0.010804321728691476,0.00281073968048758,
medicaid,topic,medicaid,0.010804321728691476,5.771539384984763e-06,
commerce,topic,commerce,0.014405762304921969,0.0010879351740696278,
payment,topic,payment,0.009603841536614645,0.0032609197525163914,
payments,topic,payments,0.013205282112845136,0.00018468926031951243,
new lease,topic,new lease,0.007202881152460984,0.0,
properties,topic,properties,0.01800720288115246,0.0018353495244251548,
rent growth,topic,rent growth,0.007202881152460984,0.0,
client base,topic,client base,0.003601440576230492,0.00044729430233631916,
cost savings,topic,cost savings,0.004801920768307323,0.00022220426632191338,
demand environment,topic,demand environment,0.003601440576230492,0.00015871733308708098,
manufacturing,topic,manufacturing,0.013205282112845136,0.003387893618986056,
artificial intelligence,topic,artificial intelligence,0.0012004801920768306,0.0,
cybersecurity,topic,cybersecurity,0.0024009603841536613,0.0,
commercial real,topic,commercial real,0.0024009603841536613,4.905808477237049e-05,
efficiency,topic,efficiency,0.004801920768307323,6.34869332348324e-05,
merchandise,topic,merchandise,0.009603841536614645,4.3286545387385724e-05,
port,topic,port,0.0024009603841536613,1.731461815495429e-05,
products services,topic,products services,0.0012004801920768306,0.0,
gen ai,topic,gen ai,0.007202881152460984,0.00013563117554714194,
total revenue,topic,total revenue,0.006002400960384153,0.0008743882168251916,
inventory levels,topic,inventory levels,0.0012004801920768306,0.0,
operating expense,topic,operating expense,0.0012004801920768306,0.0,
life sciences,topic,life sciences,0.010804321728691476,0.00011543078769969526,
margin performance,topic,margin performance,0.0012004801920768306,0.0,
retail sales,topic,retail sales,0.004801920768307323,0.0007300997322005725,
economic,topic,economic,0.006002400960384153,0.00011543078769969526,
shipping,topic,shipping,0.004801920768307323,2.020038784744667e-05,
cost capital,topic,cost capital,0.0024009603841536613,0.0,
luxury,topic,luxury,0.007202881152460984,0.002969457013574661,
diluted earnings,topic,diluted earnings,0.004801920768307323,0.0005136670052636439,
midstream,topic,midstream,0.008403361344537815,0.00016448887247206575,
market conditions,topic,market conditions,0.004801920768307323,0.00039535044787145627,
new customer,topic,new customer,0.0024009603841536613,0.0,
pricing power,topic,pricing power,0.0024009603841536613,0.00016448887247206575,
subscriptions,topic,subscriptions,0.0024009603841536613,0.0003058915874041925,
regulation,topic,regulation,0.0012004801920768306,0.0,
gaap earnings,topic,gaap earnings,0.003601440576230492,0.0002366331147843753,
service revenue,topic,service revenue,0.006002400960384153,9.52303998522486e-05,
revenue billion,topic,revenue billion,0.004801920768307323,0.0012264521193092622,
new customers,topic,new customers,0.0012004801920768306,0.0,
cash flows,topic,cash flows,0.0012004801920768306,0.0,
risk adjusted,topic,risk adjusted,0.0024009603841536613,5.194385446486287e-05,
profitability,topic,profitability,0.006002400960384153,0.002198956505679195,
platforms,topic,platforms,0.0024009603841536613,0.00029146273894173054,
adjusted net,topic,adjusted net,0.004801920768307323,0.00011254501800720288,
aviation,topic,aviation,0.003601440576230492,5.771539384984763e-06,
revenue increased,topic,revenue increased,0.007202881152460984,0.0021498984209068245,
operating margins,topic,operating margins,0.0012004801920768306,0.0,
price cost,topic,price cost,0.006002400960384153,8.657309077477145e-05,
revpar,topic,revpar,0.006002400960384153,0.001558315633945886,
market share,topic,market share,0.012004801920768306,0.005237671991873673,
retailer,topic,retailer,0.0024009603841536613,0.0,
health care,topic,health care,0.0012004801920768306,0.0,
analytics,topic,analytics,0.004801920768307323,0.000657955489888263,
crude,topic,crude,0.007202881152460984,4.040077569489334e-05,
customer experience,topic,customer experience,0.003601440576230492,0.00023086157539939053,
capital allocation,topic,capital allocation,0.0024009603841536613,5.771539384984763e-05,
pricing actions,topic,pricing actions,0.0012004801920768306,0.0,
liquidity,topic,liquidity,0.0012004801920768306,0.0,
demand growth,topic,demand growth,0.0012004801920768306,0.0,
supply demand,topic,supply demand,0.0012004801920768306,0.0,
targets,topic,targets,0.0012004801920768306,0.0,
working capital,topic,working capital,0.0012004801920768306,0.0,
expense growth,topic,expense growth,0.0024009603841536613,9.234463015975621e-05,
economy,topic,economy,0.0024009603841536613,1.731461815495429e-05,
roi,topic,roi,0.0012004801920768306,0.0,
capital spending,topic,capital spending,0.0024009603841536613,8.945886046726383e-05,
capital investments,topic,capital investments,0.0012004801920768306,0.0,
profitable growth,topic,profitable growth,0.0024009603841536613,1.4428848462461908e-05,
growth investments,topic,growth investments,0.0012004801920768306,0.0,
market environment,topic,market environment,0.0012004801920768306,0.0,
operating expenses,topic,operating expenses,0.0024009603841536613,0.0006377551020408164,
energy transition,topic,energy transition,0.0012004801920768306,0.0,
cash generation,topic,cash generation,0.0012004801920768306,0.0,
product mix,topic,product mix,0.0012004801920768306,0.0,
high growth,topic,high growth,0.0012004801920768306,0.0,
opex,topic,opex,0.0024009603841536613,0.0001558315633945886,
growth strategy,topic,growth strategy,0.0012004801920768306,0.0,
operational excellence,topic,operational excellence,0.0012004801920768306,0.0,
optimization,topic,optimization,0.0012004801920768306,0.0,
